{"Protocol":{"count":254797.0,"mean":16.6560085087,"std":1.9168718501,"min":0.0,"25%":17.0,"50%":17.0,"75%":17.0,"max":17.0},"Flow Duration":{"count":254797.0,"mean":2327569.0288150958,"std":5942552.4082864104,"min":1.0,"25%":749.0,"50%":14919.0,"75%":3000404.0,"max":119442795.0},"Total Fwd Packets":{"count":254797.0,"mean":34.7637334819,"std":54.275328243,"min":1.0,"25%":4.0,"50%":6.0,"75%":40.0,"max":400.0},"Total Backward Packets":{"count":254797.0,"mean":0.0347649305,"std":0.5194608801,"min":0.0,"25%":0.0,"50%":0.0,"75%":0.0,"max":42.0},"Fwd Packets Length Total":{"count":254797.0,"mean":15315.435487859,"std":23826.4993233588,"min":0.0,"25%":2064.0,"50%":3096.0,"75%":17600.0,"max":176000.0},"Bwd Packets Length Total":{"count":254797.0,"mean":1.89543048,"std":82.2389735525,"min":0.0,"25%":0.0,"50%":0.0,"75%":0.0,"max":7770.0},"Fwd Packet Length Max":{"count":254797.0,"mean":480.530010165,"std":180.8561617813,"min":0.0,"25%":440.0,"50%":440.0,"75%":516.0,"max":1472.0},"Fwd Packet Length Min":{"count":254797.0,"mean":435.7167392081,"std":214.4925568575,"min":0.0,"25%":368.0,"50%":440.0,"75%":516.0,"max":1472.0},"Fwd Packet Length Mean":{"count":254797.0,"mean":474.0817380306,"std":183.6245839875,"min":0.0,"25%":435.2,"50%":440.0,"75%":516.0,"max":1472.0},"Fwd Packet Length Std":{"count":254797.0,"mean":13.6904410107,"std":31.7658460439,"min":0.0,"25%":0.0,"50%":0.0,"75%":0.0,"max":842.9314},"Bwd Packet Length Max":{"count":254797.0,"mean":0.610380028,"std":24.4953160028,"min":0.0,"25%":0.0,"50%":0.0,"75%":0.0,"max":1073.0},"Bwd Packet Length Min":{"count":254797.0,"mean":0.0457462215,"std":4.838351019,"min":0.0,"25%":0.0,"50%":0.0,"75%":0.0,"max":520.0},"Bwd Packet Length Mean":{"count":254797.0,"mean":0.2120108429,"std":9.23850211,"min":0.0,"25%":0.0,"50%":0.0,"75%":0.0,"max":714.6667},"Bwd Packet Length Std":{"count":254797.0,"mean":0.2481879797,"std":10.9384475064,"min":0.0,"25%":0.0,"50%":0.0,"75%":0.0,"max":618.9195},"Flow Bytes\/s":{"count":254797.0,"mean":81336350.581221804,"std":344291395.2323063016,"min":0.0,"25%":687.9087374408,"50%":1072516.7580743448,"75%":22920930.2325581387,"max":2944000000.0},"Flow Packets\/s":{"count":254797.0,"mean":114087.639711821,"std":366014.1985504559,"min":0.0578366909,"25%":1.333199569,"50%":3054.9898167006,"75%":51582.6494724502,"max":4000000.0},"Flow IAT Mean":{"count":254797.0,"mean":542227.0602538359,"std":1053243.4848218269,"min":0.33333334,"25%":20.2,"50%":364.6,"75%":1000098.7,"max":23053416.0},"Flow IAT Std":{"count":254797.0,"mean":872961.3725821341,"std":1675817.923659815,"min":0.0,"25%":33.277363,"50%":835.9549,"75%":1731647.8999999999,"max":39929690.0},"Flow IAT Max":{"count":254797.0,"mean":1609400.3977087643,"std":3329792.9445010778,"min":1.0,"25%":146.0,"50%":4756.0,"75%":3000121.0,"max":75194770.0},"Flow IAT Min":{"count":254797.0,"mean":93.2569221773,"std":27011.6060236436,"min":0.0,"25%":0.0,"50%":1.0,"75%":1.0,"max":11775992.0},"Fwd IAT Total":{"count":254797.0,"mean":2326610.6238613483,"std":5942425.0186709007,"min":0.0,"25%":748.0,"50%":14863.0,"75%":3000402.0,"max":119442790.0},"Fwd IAT Mean":{"count":254797.0,"mean":553382.8194568526,"std":1105768.6555538021,"min":0.0,"25%":19.758621,"50%":361.78513,"75%":1000099.0,"max":23053416.0},"Fwd IAT Std":{"count":254797.0,"mean":880099.4521043522,"std":1714441.8878172305,"min":0.0,"25%":32.2236,"50%":832.5782,"75%":1731647.8999999999,"max":39929690.0},"Fwd IAT Max":{"count":254797.0,"mean":1608668.9978845904,"std":3329588.1051390204,"min":0.0,"25%":145.0,"50%":4715.0,"75%":3000120.0,"max":75194770.0},"Fwd IAT Min":{"count":254797.0,"mean":92.7276223817,"std":26997.9269090086,"min":0.0,"25%":0.0,"50%":1.0,"75%":1.0,"max":11775992.0},"Bwd IAT Total":{"count":254797.0,"mean":23718.2872561294,"std":960659.9712151217,"min":0.0,"25%":0.0,"50%":0.0,"75%":0.0,"max":113966660.0},"Bwd IAT Mean":{"count":254797.0,"mean":6667.2879749055,"std":281547.4889165241,"min":0.0,"25%":0.0,"50%":0.0,"75%":0.0,"max":37717520.0},"Bwd IAT Std":{"count":254797.0,"mean":11614.0544229364,"std":488339.9550995654,"min":0.0,"25%":0.0,"50%":0.0,"75%":0.0,"max":65328660.0},"Bwd IAT Max":{"count":254797.0,"mean":21412.2531976436,"std":885797.8189354707,"min":0.0,"25%":0.0,"50%":0.0,"75%":0.0,"max":113152560.0},"Bwd IAT Min":{"count":254797.0,"mean":0.0638979266,"std":1.6027142311,"min":0.0,"25%":0.0,"50%":0.0,"75%":0.0,"max":95.0},"Fwd PSH Flags":{"count":254797.0,"mean":0.0000667198,"std":0.0081679613,"min":0.0,"25%":0.0,"50%":0.0,"75%":0.0,"max":1.0},"Fwd Header Length":{"count":254797.0,"mean":-297300444.7782077789,"std":5545260613.3705615997,"min":-212543795000.0,"25%":0.0,"50%":64.0,"75%":352.0,"max":88000.0},"Bwd Header Length":{"count":254797.0,"mean":0.8342641397,"std":15.864558814,"min":0.0,"25%":0.0,"50%":0.0,"75%":0.0,"max":1408.0},"Fwd Packets\/s":{"count":254797.0,"mean":113961.3402418316,"std":365988.2301244498,"min":0.05783669,"25%":1.3331996,"50%":3045.067,"75%":51282.05,"max":4000000.0},"Bwd Packets\/s":{"count":254797.0,"mean":126.2995830138,"std":4157.912873314,"min":0.0,"25%":0.0,"50%":0.0,"75%":0.0,"max":1000000.0},"Packet Length Min":{"count":254797.0,"mean":435.6330176572,"std":214.2805815101,"min":0.0,"25%":368.0,"50%":440.0,"75%":516.0,"max":1472.0},"Packet Length Max":{"count":254797.0,"mean":480.81035491,"std":181.2781198258,"min":0.0,"25%":440.0,"50%":440.0,"75%":516.0,"max":1472.0},"Packet Length Mean":{"count":254797.0,"mean":474.3325946348,"std":183.2790957603,"min":0.0,"25%":435.31708,"50%":440.0,"75%":516.0,"max":1472.0},"Packet Length Std":{"count":254797.0,"mean":13.4101352401,"std":31.6635773101,"min":0.0,"25%":0.0,"50%":0.0,"75%":0.0,"max":799.6749},"Packet Length Variance":{"count":254797.0,"mean":1182.409914458,"std":5696.4333049379,"min":0.0,"25%":0.0,"50%":0.0,"75%":0.0,"max":639480.0},"SYN Flag Count":{"count":254797.0,"mean":0.0000196235,"std":0.0044298033,"min":0.0,"25%":0.0,"50%":0.0,"75%":0.0,"max":1.0},"RST Flag Count":{"count":254797.0,"mean":0.0000667198,"std":0.0081679613,"min":0.0,"25%":0.0,"50%":0.0,"75%":0.0,"max":1.0},"ACK Flag Count":{"count":254797.0,"mean":0.0297373988,"std":0.1698622947,"min":0.0,"25%":0.0,"50%":0.0,"75%":0.0,"max":1.0},"URG Flag Count":{"count":254797.0,"mean":0.0014011154,"std":0.0374053173,"min":0.0,"25%":0.0,"50%":0.0,"75%":0.0,"max":1.0},"CWE Flag Count":{"count":254797.0,"mean":0.0012794499,"std":0.0357465794,"min":0.0,"25%":0.0,"50%":0.0,"75%":0.0,"max":1.0},"Down\/Up Ratio":{"count":254797.0,"mean":0.0066916015,"std":0.0943794583,"min":0.0,"25%":0.0,"50%":0.0,"75%":0.0,"max":5.0},"Avg Packet Size":{"count":254797.0,"mean":558.9606114445,"std":292.7439485045,"min":0.0,"25%":442.2,"50%":471.42856,"75%":645.0,"max":2208.0},"Avg Fwd Segment Size":{"count":254797.0,"mean":474.0817380306,"std":183.6245839875,"min":0.0,"25%":435.2,"50%":440.0,"75%":516.0,"max":1472.0},"Avg Bwd Segment Size":{"count":254797.0,"mean":0.2120108429,"std":9.23850211,"min":0.0,"25%":0.0,"50%":0.0,"75%":0.0,"max":714.6667},"Subflow Fwd Packets":{"count":254797.0,"mean":34.7637334819,"std":54.275328243,"min":1.0,"25%":4.0,"50%":6.0,"75%":40.0,"max":400.0},"Subflow Fwd Bytes":{"count":254797.0,"mean":15315.435487859,"std":23826.4993233588,"min":0.0,"25%":2064.0,"50%":3096.0,"75%":17600.0,"max":176000.0},"Subflow Bwd Packets":{"count":254797.0,"mean":0.0347649305,"std":0.5194608801,"min":0.0,"25%":0.0,"50%":0.0,"75%":0.0,"max":42.0},"Subflow Bwd Bytes":{"count":254797.0,"mean":1.89543048,"std":82.2389735525,"min":0.0,"25%":0.0,"50%":0.0,"75%":0.0,"max":7770.0},"Init Fwd Win Bytes":{"count":254797.0,"mean":206.2610352555,"std":1783.0152658058,"min":-1.0,"25%":-1.0,"50%":-1.0,"75%":-1.0,"max":65535.0},"Init Bwd Win Bytes":{"count":254797.0,"mean":3.3925556423,"std":339.9971743125,"min":-1.0,"25%":-1.0,"50%":-1.0,"75%":-1.0,"max":29200.0},"Fwd Act Data Packets":{"count":254797.0,"mean":33.6306942389,"std":54.3498445191,"min":0.0,"25%":3.0,"50%":5.0,"75%":39.0,"max":399.0},"Fwd Seg Size Min":{"count":254797.0,