{"Protocol":{"count":51404.0,"mean":10.3910785153,"std":5.5510974562,"min":0.0,"25%":6.0,"50%":6.0,"75%":17.0,"max":17.0},"Flow Duration":{"count":51404.0,"mean":9818335.1093300134,"std":29683967.1557911299,"min":1.0,"25%":20584.0,"50%":20925.5,"75%":93556.0,"max":119998742.0},"Total Fwd Packets":{"count":51404.0,"mean":6.915843125,"std":36.5355115898,"min":1.0,"25%":2.0,"50%":2.0,"75%":4.0,"max":5063.0},"Total Backward Packets":{"count":51404.0,"mean":6.98449537,"std":43.8130215129,"min":0.0,"25%":2.0,"50%":2.0,"75%":2.0,"max":4602.0},"Fwd Packets Length Total":{"count":51404.0,"mean":1170.6819313672,"std":81889.7121060112,"min":0.0,"25%":0.0,"50%":70.0,"75%":94.0,"max":15266416.0},"Bwd Packets Length Total":{"count":51404.0,"mean":5503.5517663995,"std":124406.9177507872,"min":0.0,"25%":0.0,"50%":102.0,"75%":206.0,"max":10993758.0},"Fwd Packet Length Max":{"count":51404.0,"mean":148.2640261458,"std":434.2084783576,"min":0.0,"25%":0.0,"50%":35.0,"75%":46.0,"max":32120.0},"Fwd Packet Length Min":{"count":51404.0,"mean":18.4471052836,"std":45.0256648058,"min":0.0,"25%":0.0,"50%":0.0,"75%":37.0,"max":2021.0},"Fwd Packet Length Mean":{"count":51404.0,"mean":43.4593551975,"std":93.0627932836,"min":0.0,"25%":0.0,"50%":31.0,"75%":43.0,"max":3015.2905},"Fwd Packet Length Std":{"count":51404.0,"mean":42.0644967811,"std":127.3312697738,"min":0.0,"25%":0.0,"50%":0.0,"75%":0.0,"max":2221.5562},"Bwd Packet Length Max":{"count":51404.0,"mean":342.1396389386,"std":1131.5496599416,"min":0.0,"25%":0.0,"50%":49.0,"75%":103.0,"max":37960.0},"Bwd Packet Length Min":{"count":51404.0,"mean":40.4246362151,"std":62.6115584018,"min":0.0,"25%":0.0,"50%":0.0,"75%":72.0,"max":1460.0},"Bwd Packet Length Mean":{"count":51404.0,"mean":107.1650669801,"std":244.5092413687,"min":0.0,"25%":0.0,"50%":48.0,"75%":100.0,"max":5011.06},"Bwd Packet Length Std":{"count":51404.0,"mean":87.465601401,"std":273.1693325089,"min":0.0,"25%":0.0,"50%":0.0,"75%":0.0,"max":7045.095},"Flow Bytes\/s":{"count":51404.0,"mean":2963831.4292112449,"std":48911552.9029173627,"min":0.0,"25%":0.0,"50%":4165.1729078555,"75%":12654.1323705518,"max":1947000000.0},"Flow Packets\/s":{"count":51404.0,"mean":73785.2868105659,"std":333702.4483828413,"min":0.0339203294,"25%":57.1261972582,"50%":191.644308164,"75%":194.6187904442,"max":3000000.0},"Flow IAT Mean":{"count":51404.0,"mean":323473.5305861107,"std":1131342.4109551676,"min":0.5,"25%":6841.0,"50%":6952.0,"75%":24899.5,"max":39307796.0},"Flow IAT Std":{"count":51404.0,"mean":919648.908419566,"std":2921557.5942234802,"min":0.0,"25%":952.4837375,"50%":12015.813,"75%":31629.20025,"max":68082930.0},"Flow IAT Max":{"count":51404.0,"mean":4025932.8289627265,"std":13310687.7260546908,"min":1.0,"25%":20578.0,"50%":20913.0,"75%":61309.25,"max":119954420.0},"Flow IAT Min":{"count":51404.0,"mean":12628.4414831531,"std":213741.060865783,"min":0.0,"25%":1.0,"50%":2.0,"75%":3.0,"max":15407833.0},"Fwd IAT Total":{"count":51404.0,"mean":9491753.1304956805,"std":29669706.6144368164,"min":0.0,"25%":1.0,"50%":3.0,"75%":1155.0,"max":119998744.0},"Fwd IAT Mean":{"count":51404.0,"mean":447217.5648902539,"std":1450199.5111172372,"min":0.0,"25%":1.0,"50%":3.0,"75%":386.41667,"max":28166404.0},"Fwd IAT Std":{"count":51404.0,"mean":1100814.3565458532,"std":3626920.1721815271,"min":0.0,"25%":0.0,"50%":0.0,"75%":576.4844875,"max":56020636.0},"Fwd IAT Max":{"count":51404.0,"mean":3841791.5852268306,"std":13232373.3745124601,"min":0.0,"25%":1.0,"50%":3.0,"75%":1148.25,"max":119954420.0},"Fwd IAT Min":{"count":51404.0,"mean":11031.0160298809,"std":217342.2631353161,"min":0.0,"25%":1.0,"50%":2.0,"75%":3.0,"max":15407833.0},"Bwd IAT Total":{"count":51404.0,"mean":7714502.6228698157,"std":26767490.433601778,"min":0.0,"25%":1.0,"50%":3.0,"75%":3.0,"max":119889690.0},"Bwd IAT Mean":{"count":51404.0,"mean":356881.0638468799,"std":1441711.0280260155,"min":0.0,"25%":1.0,"50%":2.0,"75%":3.0,"max":58961590.0},"Bwd IAT Std":{"count":51404.0,"mean":906544.2995736161,"std":3428279.943901015,"min":0.0,"25%":0.0,"50%":0.0,"75%":0.0,"max":83384280.0},"Bwd IAT Max":{"count":51404.0,"mean":3233310.4067193214,"std":12297807.2333244607,"min":0.0,"25%":1.0,"50%":3.0,"75%":3.0,"max":117923180.0},"Bwd IAT Min":{"count":51404.0,"mean":2.2820014007,"std":6.3615343026,"min":0.0,"25%":1.0,"50%":2.0,"75%":3.0,"max":249.0},"Fwd PSH Flags":{"count":51404.0,"mean":0.1068593884,"std":0.3089373985,"min":0.0,"25%":0.0,"50%":0.0,"75%":0.0,"max":1.0},"Fwd Header Length":{"count":51404.0,"mean":-6222687.2186016655,"std":113780911.3471111059,"min":-2125437950.0,"25%":40.0,"50%":40.0,"75%":80.0,"max":101260.0},"Bwd Header Length":{"count":51404.0,"mean":-6842887.9951365655,"std":120316073.2329725772,"min":-2125437950.0,"25%":40.0,"50%":40.0,"75%":64.0,"max":147280.0},"Fwd Packets\/s":{"count":51404.0,"mean":70494.1407265313,"std":327541.1154426095,"min":0.008480082,"25%":24.41525575,"50%":95.826744,"75%":97.31886,"max":3000000.0},"Bwd Packets\/s":{"count":51404.0,"mean":3291.1462446852,"std":46560.9573064157,"min":0.0,"25%":1.104927875,"50%":61.8553505,"75%":96.800735,"max":2000000.0},"Packet Length Min":{"count":51404.0,"mean":17.3297603299,"std":26.9601033562,"min":0.0,"25%":0.0,"50%":0.0,"75%":37.0,"max":1460.0},"Packet Length Max":{"count":51404.0,"mean":374.1200684772,"std":1159.7306031077,"min":0.0,"25%":0.0,"50%":57.0,"75%":111.0,"max":37960.0},"Packet Length Mean":{"count":51404.0,"mean":77.5345363808,"std":166.6770073996,"min":0.0,"25%":0.0,"50%":42.2,"75%":66.6,"max":4023.9453},"Packet Length Std":{"count":51404.0,"mean":95.3372551601,"std":239.6607980714,"min":0.0,"25%":0.0,"50%":15.336231,"75%":36.69741,"max":6616.562},"Packet Length Variance":{"count":51404.0,"mean":66525.3729940408,"std":567282.1730520534,"min":0.0,"25%":0.0,"50%":235.2,"75%":1346.7,"max":43778892.0},"SYN Flag Count":{"count":51404.0,"mean":0.0018870127,"std":0.0433991764,"min":0.0,"25%":0.0,"50%":0.0,"75%":0.0,"max":1.0},"RST Flag Count":{"count":51404.0,"mean":0.1068593884,"std":0.3089373985,"min":0.0,"25%":0.0,"50%":0.0,"75%":0.0,"max":1.0},"ACK Flag Count":{"count":51404.0,"mean":0.1862306435,"std":0.389296467,"min":0.0,"25%":0.0,"50%":0.0,"75%":0.0,"max":1.0},"URG Flag Count":{"count":51404.0,"mean":0.3891720489,"std":0.4875672157,"min":0.0,"25%":0.0,"50%":0.0,"75%":1.0,"max":1.0},"CWE Flag Count":{"count":51404.0,"mean":0.2016769123,"std":0.4012561121,"min":0.0,"25%":0.0,"50%":0.0,"75%":0.0,"max":1.0},"Down\/Up Ratio":{"count":51404.0,"mean":1.0209905844,"std":0.9690094246,"min":0.0,"25%":0.0,"50%":1.0,"75%":1.0,"max":23.0},"Avg Packet Size":{"count":51404.0,"mean":87.0673453848,"std":175.2037166393,"min":0.0,"25%":0.0,"50%":52.25,"75%":82.5,"max":4025.7786},"Avg Fwd Segment Size":{"count":51404.0,"mean":43.4593551975,"std":93.0627932836,"min":0.0,"25%":0.0,"50%":31.0,"75%":43.0,"max":3015.2905},"Avg Bwd Segment Size":{"count":51404.0,"mean":107.1650669801,"std":244.5092413687,"min":0.0,"25%":0.0,"50%":48.0,"75%":100.0,"max":5011.06},"Subflow Fwd Packets":{"count":51404.0,"mean":6.915843125,"std":36.5355115898,"min":1.0,"25%":2.0,"50%":2.0,"75%":4.0,"max":5063.0},"Subflow Fwd Bytes":{"count":51404.0,"mean":1170.6819313672,"std":81889.7121060112,"min":0.0,"25%":0.0,"50%":70.0,"75%":94.0,"max":15266416.0},"Subflow Bwd Packets":{"count":51404.0,"mean":6.98449537,"std":43.8130215129,"min":0.0,"25%":2.0,"50%":2.0,"75%":2.0,"max":4602.0},"Subflow Bwd Bytes":{"count":51404.0,"mean":5503.5517663995,"std":124406.9177507872,"min":0.0,"25%":0.0,"50%":102.0,"75%":206.0,"max":10993758.0},"Init Fwd Win Bytes":{"count":51404.0,"mean":7849.7970780484,"std":17405.2999817299,"min":-1.0,"25%":-1.0,"50%":252.0,"75%":8192.0,"max":65535.0},"Init Bwd Win Bytes":{"count":51404.0,"mean":3920.3897167536,"std":11334.3224645276,"min":-1.0,"25%":-1.0,"50%":-1.0,"75%":258.0,"max":65535.0},"Fwd Act Data Packets":{"count":51404.0,"mean":2.9056882733,"std":29.4094184188,"min":0.0,"25%":0.0,"50%":1.0,"75%":1.0,"max":5043.0},"Fwd Seg Size Min":{"count":51404.0,